14938,http://xj.sina.com.cn/news/b/2018-08-13/detail-ihhqtawy1246259.shtml?from=bj_cnxh,花粉症 百度,0,0.63357365,1
14930,http://history.people.com.cn/yangsheng/n/2014/0408/c375420-24847331.html,花粉症 百度,0,0.6091685,1
14931,https://lvyou.baidu.com/jiangzhidao/,花粉症 百度,0,0.7400917,1
14929,https://jingyan.baidu.com/article/e75057f28f5ba3ebc81a8948.html,花粉症 百度,0,0.7628759,1
14924,http://zhidao.baidu.com/question/61926384.html,花粉症 百度,0,0.70181143,1
14934,https://yixue.baidu.com/medweb/drug/manual/id/81b3283d4831142683fad9ff00127af2,花粉症 百度,0,0.8405511,1
9703,http://www.mrsacupcakes-cookies.com/entry2.html,花粉症 ごぼう茶,43,0.9827398,25
9700,https://detail.chiebukuro.yahoo.co.jp/qa/question_detail/q1085204030,花粉症 ごぼう茶,43,0.4956732,25
9702,https://detail.chiebukuro.yahoo.co.jp/qa/question_detail/q10157620120,花粉症 ごぼう茶,43,0.88795424,25
9711,http://www.eonet.ne.jp/~k-taxonomy/season-infomation5.html,花粉症 ごぼう茶,43,0.6145161,25
9704,https://rika0121.exblog.jp/23584286/,花粉症 ごぼう茶,41,0.31223968,25
9719,http://www.tea-kourakuen.jp/ori-kenban.html,花粉症 ごぼう茶,41,0.4637621,25
9710,https://www.47club.jp/03M-000045kfk/,花粉症 ごぼう茶,41,0.36280105,25
14732,https://www.asahi.com/shimbun/nie/tamate/kiji/20131106.html,花粉症 尿の色,11,0.35054302,2
14735,https://www.m3.com/open/clinical/news/article/519853/,花粉症 尿の色,11,0.4228321,2
14723,https://www.lab.toho-u.ac.jp/med/omori/kensa/column/column20161109.html,花粉症 尿の色,11,0.375687,2
14733,http://www.higuchi-toyoigaku-clinic.com/experience/category/26-%E6%9D%B1%E6%B4%8B%E5%8C%BB%E5%AD%A6%E3%81%AE%E6%A6%82%E5%BF%B5-%E3%83%BC%E4%BD%93%E8%B3%AA%EF%BC%9B%E5%AF%92%E7%86%B1%E7%B7%A8%E3%83%BC/,花粉症 尿の色,41,0.43944708,25
14721,https://gooday.nikkei.co.jp/atcl/report/14/091100018/022500011/,花粉症 尿の色,41,0.6206024,25
14725,https://www.lab.toho-u.ac.jp/med/omori/kensa/column/column20170727.html,花粉症 尿の色,41,0.3481152,25
14729,https://www.adpkd.jp/yomoyama/vol08_02.html,花粉症 尿の色,41,0.5195981,25
14720,https://www.kanonji-mitoyo-med.or.jp/health/memo/260814-1.html,花粉症 尿の色,41,0.3304096,25
16474,http://www.funclur.com/entry/2018/03/10/090450,花粉症 じゃばらジャム,41,0.3927805,26
16482,https://saga-nouson.jp/blog/4040,花粉症 じゃばらジャム,41,0.40714282,26
16491,http://kyu-boshi.com/jyabara.html,花粉症 じゃばらジャム,41,0.40748778,26
16479,https://blog.goo.ne.jp/stopchina/e/a3b5c87c20670fb81c27543c13119b2b,花粉症 じゃばらジャム,41,0.55608237,26
85,https://juken.oricon.co.jp/rank_english/news/2086265/,花粉症 を英語で,18,0.6259991,66
8574,https://www.eigowithluke.com/2014/02/hay-fever/,花粉症 を英語で,18,0.2965469,66
96,https://talking-english.net/hay-fever/,花粉症 を英語で,18,0.2694417,66
9729,http://takenoko-ent.com/guide/index.html,花粉症 声枯れ,35,0.61659014,18
9725,http://www.takedahp.or.jp/uji/consultation/introduction/jibi.html,花粉症 声枯れ,35,0.43704745,18
9667,http://www.sgn.tokyo.med.or.jp/hanasi/index.php?no=20150303,花粉症 声枯れ,35,0.6586835,18
799,https://gakumado.mynavi.jp/freshers/articles/12801,花粉症 うざい,18,0.25717723,67
783,https://matome.naver.jp/odai/2142056613631865401,花粉症 うざい,18,0.6321962,67
793,http://www.tokyo-aff.or.jp/gaiyo/13kafunsukunai.html,花粉症 うざい,18,0.5791504,67
790,http://www.sugoren.com/report/1457169138029/,花粉症 うざい,18,0.57497257,67
2972,https://president.jp/articles/-/14447,花粉症 早期治療,18,0.6749487,68
2978,https://www.pref.fukushima.lg.jp/sec/21045a/kafunyobo.html,花粉症 早期治療,18,0.5261188,68
224,http://www.kafun-now.com/knowledge/03.xhtml,花粉症 早期治療,18,0.5020257,68
2061,http://www.morohosi-jibika.jp/jibika/kodomonokahunsho-website/,花粉症 早期治療,45,0.8567557,24
2960,https://www.healthcare.omron.co.jp/resource/column/life/91.html,花粉症 早期治療,45,0.48768073,24
2971,https://phio.panasonic.co.jp/hoken/shikumi/torikumi/useful/no01.htm,花粉症 早期治療,45,0.55926025,24
2970,https://hana783.jp/seasonal/initial_treatment.php,花粉症 早期治療,45,0.9861971,24
2966,https://medical.jiji.com/topics/166,花粉症 早期治療,45,0.4587073,24
518,http://harue-kids.com/allergy.html,花粉症 早期治療,45,0.379419,24
2977,http://funabashi-clinic.com/hayfever,花粉症 早期治療,45,0.9949223,24
2963,http://www.nippon-shinyaku.co.jp/healthy/seasonal/contents_2_5.html,花粉症 早期治療,45,0.6962678,24
2967,https://www.kyowa-kirin.co.jp/kahun/treatment/eyes02.html,花粉症 早期治療,45,0.6590749,24
2968,https://www.satojuichi-cl.com/naika/n_05.html,花粉症 早期治療,45,0.5373731,24
2969,http://ddmap.jp/sp/kafun-2018-howto/,花粉症 早期治療,45,0.86586946,24
1117,https://alpaca-kodomo.com/%E8%8A%B1%E7%B2%89%E7%97%87%E3%81%AE%E6%B2%BB%E7%99%82,花粉症 早期治療,45,0.8124011,24
228,https://www.kyowa-kirin.co.jp/kahun/treatment/nose02.html,花粉症 早期治療,45,0.94289154,24
6295,http://www.kotoni-family.clinic/guidance.php,花粉症 味がしない,35,0.85689,19
6297,http://www.hongoent.com/i/shinryou/,花粉症 味がしない,35,0.3612642,19
6257,http://suncity-ent.com/otolaryngology-and-allergy,花粉症 味がしない,35,0.34810004,19
6292,https://www.kamatanishiguchi-cli.jp/contents/medical/,花粉症 味がしない,35,0.84182763,19
6296,http://www.onojibi.jp/treatment.html,花粉症 味がしない,35,0.51637536,19
6294,https://www.akishimajibi.com/,花粉症 味がしない,35,0.37883803,19
11701,http://www.rad-ar.or.jp/siori/kekka.cgi?n=42950,花粉症 ビラノア,44,0.7154453,9
11710,https://www.drk7.jp/MT/archives/002170.html,花粉症 ビラノア,44,0.44875675,9
11716,https://www.kegg.jp/medicus-bin/japic_med?japic_code=00066517,花粉症 ビラノア,44,0.58420736,9
8015,https://news.golfdigest.co.jp/news/jlpga/article/62044/1/,花粉症 レベル6,18,0.3925892,69
8127,https://news.sukupara.jp/item/21100,花粉症 レベル6,18,0.3928135,69
2373,https://lesson.golfdigest.co.jp/lesson/topics/article/72912/1/,花粉症 レベル6,18,0.6339178,69
8135,https://jp.weathernews.com/news/3246/,花粉症 レベル6,18,0.7341097,69
1465,https://zendamakinblog.com/content/yogurt-against-hey-fever,花粉症 有効な食べ物,43,0.84732,26
7255,https://takeya.co.jp/special/33831/,花粉症 有効な食べ物,43,0.8472605,26
7256,https://asqmii.com/jijico/2017/04/06/articles22920.html,花粉症 有効な食べ物,43,0.64828396,26
1616,https://www.d-healthcare.co.jp/column/eating180222/,花粉症 有効な食べ物,43,0.48372725,26
7248,https://www.bioweather.net/recipe/1001n/1001n_index_r.htm,花粉症 有効な食べ物,43,0.61452913,26
10817,https://any-stress.com/cedar-pollen-allergy-dermatitis,花粉症 男女比,18,0.5422271,70
10808,https://www.jstage.jst.go.jp/article/arerugi/39/8/39_KJ00001623444/_article/-char/ja/,花粉症 男女比,18,0.50076824,70
10805,http://www.dims.ne.jp/timelyresearch/2005/050317/index.html,花粉症 男女比,18,0.48229373,70
10812,http://www.garbagenews.net/archives/257364.html,花粉症 男女比,18,0.3228578,70
10828,https://www.asahikasei-pharma.co.jp/health/kidney/treatment/medicine.html,花粉症 第一選択薬,43,0.7249176,27
1316,https://ja.wikipedia.org/wiki/%E6%8A%97%E3%83%92%E3%82%B9%E3%82%BF%E3%83%9F%E3%83%B3%E8%96%AC,花粉症 第一選択薬,43,0.6663075,27
10830,https://www.ono.co.jp/patient/disease/no04_03.html,花粉症 第一選択薬,43,0.32904032,27
3705,https://www.kyowa-kirin.co.jp/sp/kahun/basic/chiryo_eyes.html,花粉症 第一選択薬,43,0.42212692,27
10835,http://www.saishin-igaku.co.jp/abc_n/backnum/abc127y.html,花粉症 第一選択薬,45,0.24755092,24
10837,http://www.sgn.tokyo.med.or.jp/hanasi/index.php?no=201301,花粉症 第一選択薬,45,0.48253313,24
10833,http://bow-clinic.com/nishiumeda/pollen/,花粉症 第一選択薬,45,0.33572832,24
10823,http://www.kosaka-katei.com/kafun/kafun.html,花粉症 第一選択薬,45,0.9931469,24
1621,http://www.sannoclinic.jp/hay.html,花粉症 第一選択薬,45,0.25355577,24
10834,https://www.m3.com/open/clinical/news/article/505923/,花粉症 第一選択薬,5,0.78718907,3
8877,http://www.qlifepro.com/special/2015/12/24/breaking-2016-edition-nasal-allergy-practice-guidelines/,花粉症 第一選択薬,5,0.4282698,3
6181,https://www.parksideclinic.jp/colum/kahun12_mimi.html,花粉症 第一選択薬,5,0.7480447,3
16275,https://www.somu-lier.jp/goodstory/kafun-office/,花粉症 業務効率,18,0.38720122,71
16289,https://okan-media.jp/2017/11/24/health-hay-fever-measures/,花粉症 業務効率,18,0.66758704,71
2649,https://kyodonewsprwire.jp/release/201801310502,花粉症 業務効率,18,0.77715665,71
13067,https://trendy.nikkeibp.co.jp/article/column/20110302/1034678/,花粉症 業務効率,18,0.5593149,71
16273,https://www.chintai-office.jp/column/column44.php,花粉症 業務効率,18,0.71318203,71
16279,http://dangoselect.net/solution_service/%E3%83%8F%E3%83%B3%E3%82%AC%E3%83%BC%E3%83%95%E3%83%83%E3%82%AF/,花粉症 業務効率,18,0.44074476,71
8277,https://www.allergy-i.jp/kafun/kafun-nayami/work-eikyo.html,花粉症 業務効率,18,0.71710354,71
2991,https://www.kaercher.com/jp/home-garden/vacuums/kahun_souji.html,花粉症 業務効率,18,0.8998322,71
16287,https://area.autodesk.jp/column/trend_tech/designviz_point/12_cms/,花粉症 業務効率,6,0.5120114,8
16274,https://www.gigaccsecure.jp/column/post_000376.html,花粉症 業務効率,6,0.18454346,8
16291,https://www.officehack.net/tag/%E8%8A%B1%E7%B2%89%E7%97%87/,花粉症 業務効率,6,0.6341257,8
1632,https://my-best.com/279,花粉症 ペアコール,43,0.33005434,28
1389,https://www.akashi-clinic.com/kurashi/017.html,花粉症 ペアコール,43,0.4209431,28
12868,https://www.rohto.co.jp/news/release/2013/1210_01/,花粉症 ペアコール,43,0.46598586,28
12867,http://ec.sundrug.co.jp/catalog/category/0/4980673000667/,花粉症 ペアコール,44,0.96599436,9
12871,https://health.goo.ne.jp/medicine/J0601008252_%E3%83%9A%E3%82%A2%E3%82%B3%E3%83%BC%E3%83%AB%E9%BC%BB%E7%82%8E%E3%82%AB%E3%83%97%E3%82%BB%E3%83%ABLG,花粉症 ペアコール,44,0.95983464,9
2134,https://cs.sundrug.co.jp/cs/goods/4980673002937/,花粉症 ペアコール,44,0.991562,9
12869,https://www.zaditen-al.jp/p_product/capsule.html,花粉症 ペアコール,44,0.6391749,9
5233,https://www.tsumura.co.jp/kampo/list/detail/019.html,花粉症 ペアコール,44,0.9755,9
16779,https://aih-net.com/kanpo/medical/thistime/takan.html,花粉症 びゃっこかにんじんとう,43,0.3602832,29
16783,https://www.tsumura.co.jp/kampo/list/detail/034.html,花粉症 びゃっこかにんじんとう,43,0.6382836,29
16774,https://www.tokushukai.or.jp/media/newspaper/1150/article-12.php,花粉症 びゃっこかにんじんとう,43,0.27127793,29
16786,https://www.jda.or.jp/park/trouble/kanpou03.html,花粉症 びゃっこかにんじんとう,43,0.32171574,29
16790,http://www.itaya.or.jp/?p=1302,花粉症 びゃっこかにんじんとう,43,0.73942524,29
11808,https://amakoda-ogiso.com/menu/pollinosis.html,花粉症 ブロック注射,45,0.5855198,25
11813,https://www.ikiiki-cl.com/clinic/menu/kafun/kafun03.html,花粉症 ブロック注射,45,0.63733625,25
11806,https://blog.goo.ne.jp/iwasaki-laser/e/ebf454c4e008a6702b47cc173e378b95,花粉症 ブロック注射,45,0.32986093,25
11803,https://www.kaoru-pc.jp/nerveblock/injection05/,花粉症 ブロック注射,5,0.54238147,3
11812,http://www.okada-pain.jp/contents/2014/04/post-13.php,花粉症 ブロック注射,5,0.24730596,3
11810,http://www.masuda-iin.com/kahun.html,花粉症 ブロック注射,5,0.4689611,3
14027,https://www.furukawa-clinic.net/menu/kafun.html,花粉症 初期療法,45,0.7334063,26
14024,http://www.jstage.jst.go.jp/article/orltokyo1958/44/2/44_2_126/_article/-char/ja/,花粉症 初期療法,45,0.8682069,26
14030,https://tsujimoto-jibika.com/treat/kafun.html,花粉症 初期療法,45,0.56001705,26
1989,http://sp.bm1.jp/kafun/answer01.html,花粉症 初期療法,45,0.8991972,26
14031,https://www.jstage.jst.go.jp/article/jjiao/32/3/32_203/_article/-char/ja/,花粉症 初期療法,45,0.33202487,26
3636,https://www.hirabari-ganka.com/topics/1055/,花粉症 初期療法,45,0.5996184,26
14026,http://www.kagoshima.med.or.jp/people/topic/2009/284.htm,花粉症 初期療法,45,0.78472245,26
1919,http://www.ura.niigata-u.ac.jp/index.php/track/voice-index/voice05,花粉症 経済損失,31,0.47662348,11
1900,http://www.shugiin.go.jp/internet/itdb_shitsumon.nsf/html/shitsumon/a190306.htm,花粉症 経済損失,31,0.35231134,11
1902,https://toyokeizai.net/articles/-/201820,花粉症 経済損失,31,0.99566376,11
15418,https://otake-brain.com/menu/kanpo.html,花粉症 脈診,41,0.5028267,27
15430,https://www.e-nakama.jp/kenkou365/,花粉症 脈診,41,0.23025148,27
15427,http://www.women-rapport-clinic.com/column/kanpou01.html,花粉症 脈診,41,0.41394505,27
15422,http://www.med.kindai.ac.jp/toyo/medicine/index.html,花粉症 脈診,5,0.44049075,3
15425,http://www.myclinic.ne.jp/thc/pc/clinic.html,花粉症 脈診,5,0.42708808,3
15416,http://www.kyowac.com/,花粉症 脈診,5,0.39316514,3
15429,http://www.thoken.or.jp/youseikai/guide.html,花粉症 脈診,35,0.7212158,19
15424,http://www.keio-kampo.jp/ja_1/page02.html,花粉症 脈診,35,0.32313934,19
6331,http://www.wakuijibika.com/m/approach.html,花粉症 脈診,35,0.5505329,19
15412,https://web.hosp.kanazawa-u.ac.jp/patients/info/ka21.html,花粉症 脈診,35,0.6128846,19
15431,http://recovery-yoyogi.sakura.ne.jp/hari.html,花粉症 脈診,35,0.37259743,19
1196,https://nakahara-clinic.com/menu/,花粉症 お腹痛い,35,0.98979163,20
1195,http://www.shionogi.co.jp/wellness/diseases/contagion/stomachache.html,花粉症 お腹痛い,35,0.6881164,20
1197,http://www.family-clinic.info/initial.html,花粉症 お腹痛い,35,0.5015313,20
6304,http://home.kingsoft.jp/news/ent/heaaart/222672.html,花粉症 耳つぼ,41,0.5514328,28
6300,https://www.life-rhythm.net/ear_jewel_therapy_kahunsho/,花粉症 耳つぼ,41,0.4659188,28
6313,https://wol.nikkeibp.co.jp/article/special/20130115/143786/,花粉症 耳つぼ,41,0.47701338,28
6319,http://www.sportsoasis.co.jp/sh74/pgm/bodycare/up.html,花粉症 耳つぼ,41,0.67790556,28
6307,http://www.tanpopo-village.jp/kosodate/detail.html?eid=2852&cid=,花粉症 耳つぼ,41,0.6251144,28
6309,https://repos-lala.jimdo.com/%E8%80%B3%E3%81%A4%E3%81%BC%E3%82%B8%E3%83%A5%E3%82%A8%E3%83%AA%E3%83%BC%E8%AC%9B%E5%BA%A7/,花粉症 耳つぼ,41,0.42966127,28
6318,https://www.able-care-unoki.com/ear.html,花粉症 耳つぼ,41,0.5833003,28
1177,https://macrobiotic-daisuki.jp/okyu-yarikata-37740.html,花粉症 お灸,41,0.81808746,29
1168,https://kurashinohon.jp/545.html,花粉症 お灸,41,0.5637046,29
1170,https://nekoie.com/okyu/,花粉症 お灸,41,0.6950789,29
1172,https://www.ikedashoten.co.jp/book-details.php?isbn=978-4-262-12350-9,花粉症 お灸,41,0.592664,29
6885,http://yanagida-jibika.jp/download/,花粉症 問診票,35,0.49133027,21
6883,https://washio-jibika.com/information/,花粉症 問診票,35,0.70969576,21
6893,https://www.ss-jibi.com/%E8%A8%BA%E5%AF%9F%E4%BA%88%E7%B4%84/,花粉症 問診票,35,0.6589665,21
8700,http://www.daiwa-pharm.com/info/onko/397/,花粉症 nk細胞,43,0.6786707,30
8706,https://zendamakinblog.com/bacterium-effect/immunity/nk,花粉症 nk細胞,43,0.51192373,30
8719,http://www.life-bio.or.jp/topics/topics197.html,花粉症 nk細胞,43,0.43288004,30
8704,https://zendamakinblog.com/content/yogurt-increasing-nk,花粉症 nk細胞,43,0.702723,30
8712,https://www.asahi.co.jp/hospital/archive/broadcast/2011_0104.html,花粉症 nk細胞,41,0.28009364,29
8718,http://www.e-shigenoya.jp/honey/immune.html,花粉症 nk細胞,41,0.85406876,29
8708,https://www.mag2.com/p/news/151337,花粉症 nk細胞,41,0.885667,29
8703,https://www.healthcare.omron.co.jp/resource/column/life/160.html,花粉症 nk細胞,41,0.6670981,29
4689,http://news.kodansha.co.jp/20160220_b02,花粉症 nk細胞,41,0.33375525,29
1049,https://www.bathlier.com/ic/ofuro_recipe4_11a,花粉症 お風呂,18,0.5824712,72
102,https://www.kyowa-kirin.co.jp/kahun/measure/basic.html,花粉症 お風呂,18,0.93127817,72
1044,https://www.kneipp.jp/special/2018-02-09.html,花粉症 お風呂,18,0.5798557,72
1051,https://www.bathlier.com/ic/ofuro_recipe4_11,花粉症 お風呂,18,0.7100208,72
1054,https://news.biglobe.ne.jp/trend/0314/asj_180314_2908595779.html,花粉症 お風呂,41,0.36971176,29
1041,https://www.rakuten.ne.jp/gold/bathlier/b-cafe/ofuro_recipe/ofuro_recipe4/ofuro_recipe4_11.html,花粉症 お風呂,41,0.52814364,29
1056,http://www.arapia.jp/blog/2017/03/post-424.php,花粉症 お風呂,41,0.5923165,29
1052,http://www.water.city.nagoya.jp/uruoi/category/ohuro/140460.html,花粉症 お風呂,41,0.59485257,29
1042,https://asajo.jp/excerpt/47933,花粉症 お風呂,41,0.37534142,29
1047,http://www.asahi.com/ad/furozuki/furo/20160314.html,花粉症 お風呂,41,0.51058364,29
12146,https://www.1smss.com/2011/02/post-187.html,花粉症 勉強できない,18,0.363516,73
3632,https://www.kao.co.jp/lifei/life/report-40/,花粉症 勉強できない,18,0.96798503,73
6605,https://wol.nikkeibp.co.jp/atcl/column/15/121800040/030600059/,花粉症 勉強できない,18,0.9954839,73
12159,https://benesse.jp/kosodate/201603/20160313-2.html,花粉症 勉強できない,18,0.9567376,73
12142,https://kango-oshigoto.jp/media/article/1387/,花粉症 勉強できない,18,0.3478833,73
12143,http://www.kafun-now.com/dojo/04.xhtml,花粉症 勉強できない,18,0.9673333,73
12144,http://www.emasefe.com/archives/4,花粉症 勉強できない,18,0.40962932,73
4577,https://beauty-pressman.com/st-morilabo-20181212/,花粉症 塗るマスク,18,0.258202,74
4569,https://news.walkerplus.com/article/12972/,花粉症 塗るマスク,18,0.42171592,74
4567,https://headlines.yahoo.co.jp/article?a=20181227-00010022-shueishaz-ent,花粉症 塗るマスク,18,0.9608,74
11144,http://komachi.yomiuri.co.jp/t/2014/0529/660740.htm,花粉症 電車の中,18,0.40751377,75
11145,https://president.jp/articles/-/21276,花粉症 電車の中,18,0.37484175,75
11149,https://www.excite.co.jp/news/article/00091206929838/,花粉症 電車の中,18,0.9263606,75
11141,https://www.kao.co.jp/lifei/enq/17/,花粉症 電車の中,18,0.6056687,75
11154,https://www.asmarq.co.jp/examine/ex1704.html,花粉症 電車の中,18,0.42068934,75
12023,https://everygenki.com/%E8%8A%B1%E7%B2%89%E7%97%87%E3%81%A7%E8%82%8C%E8%8D%92%E3%82%8C%E3%82%84%E6%95%8F%E6%84%9F%E8%82%8C%E3%81%AB%E3%81%8A%E3%81%99%E3%81%99%E3%82%81%E3%81%AE%E3%83%A1%E3%82%A4%E3%82%AF%E6%96%B9%E6%B3%95,花粉症 ベースメイク,16,0.42846632,3
12032,https://dress-r.net/cosme-info/2134,花粉症 ベースメイク,16,0.57063377,3
12022,http://www.escos.co.jp/column/column104.html,花粉症 ベースメイク,16,0.65366566,3
12038,https://joshi-spa.jp/679118,花粉症 ベースメイク,16,0.32310212,3
12027,https://ananweb.jp/anew/163326/,花粉症 ベースメイク,16,0.5349074,3
12021,http://crea.bunshun.jp/articles/-/10122,花粉症 ベースメイク,16,0.35441774,3
12030,https://amuelle.jp/article/10067/,花粉症 ベースメイク,16,0.8392582,3
7645,https://www.townnews.co.jp/0204/2015/03/06/274421.html,花粉症 ラジオ波治療,45,0.75459427,27
7658,http://komachi.yomiuri.co.jp/t/2006/0317/082415.htm,花粉症 ラジオ波治療,45,0.8836833,27
36,https://ameblo.jp/imai-clinic/entry-12361262882.html,花粉症 ラジオ波治療,45,0.3167092,27
7640,https://www.ginzaclinic.com/s-op/,花粉症 ラジオ波治療,45,0.87898105,27
5829,http://www.motoyawata-jibika.com/hayfever.html,花粉症 ラジオ波治療,45,0.96031666,27
7643,http://www.hat-mimi.com/remedy/surgical.html,花粉症 ラジオ波治療,45,0.8957159,27
6269,https://fujisaki-med.com/%E8%8A%B1%E7%B2%89%E7%97%87%E3%81%AE%E6%B2%BB%E7%99%82,花粉症 ラジオ波治療,45,0.9014226,27
7647,http://hoshino-jibika.com/laser/index.html,花粉症 ラジオ波治療,45,0.9636312,27
6240,http://www.shirakawa-ent.com/original7.html,花粉症 ラジオ波治療,45,0.9937975,27
7653,https://www.ibikii.com/high-frequency/,花粉症 ラジオ波治療,45,0.60438603,27
7649,https://hoshinaga.com/treatment.html,花粉症 ラジオ波治療,45,0.5292846,27
7642,http://www.shirakawa-ent.com/original6.html,花粉症 ラジオ波治療,45,0.9239946,27
12981,http://blog.livedoor.jp/atu_ka/archives/46618627.html,花粉症 ぺニス,43,0.48497006,31
12980,https://www.shinjyuku-ekimae-clinic.com/balanoposthitis.html,花粉症 ぺニス,43,0.4472296,31
12984,https://detail.chiebukuro.yahoo.co.jp/qa/question_detail/q12101197887,花粉症 ぺニス,43,0.3810347,31
12993,http://123456789.hatenablog.jp/archive/category/%E6%84%9F%E6%83%B3%E6%96%87,花粉症 ぺニス,41,0.6642033,29
12994,https://okwave.jp/qa/q9397605.html,花粉症 ぺニス,41,0.5925197,29
12992,https://wjn.jp/article/detail/2775316/,花粉症 ぺニス,41,0.66126764,29
12997,http://www.papy.co.jp/act/books/1-108377/,花粉症 ぺニス,41,0.32081944,29
12988,http://prod.fc2web.com/love/peerless.html,花粉症 ぺニス,41,0.34909892,29
14088,https://akarui-rougo.com/iryou-kenkou/byouki/tan-seijou/,花粉症 茶色い鼻水,44,0.34674355,10
14097,https://www.senrichuo-ent.com/nose,花粉症 茶色い鼻水,44,0.59963316,10
14094,http://hori.or.jp/nose/nose01/,花粉症 茶色い鼻水,44,0.56684524,10
14093,https://www.d-yutaka.co.jp/blog/health_and_beauty/health_info201803/,花粉症 茶色い鼻水,44,0.8605418,10
1286,https://www.furukawa-clinic.net/menu/zekka.html,花粉症 舌禍治療 費用,45,0.7475811,28
3650,https://byoinnavi.jp/service/tokusyu005,花粉症 舌禍治療 費用,45,0.534926,28
3478,https://magazine.caloo.jp/posts/5453/,花粉症 舌禍治療 費用,45,0.5299297,28
1281,https://style.nikkei.com/article/DGXMZO83978080V00C15A3000000,花粉症 舌禍治療 費用,45,0.466828,28
195,https://style.nikkei.com/article/DGXMZO34126530U8A810C1000000?channel=DF100820160636,花粉症 舌禍治療 費用,45,0.7512178,28
2414,https://washio-jibika.com/blog/%E8%88%8C%E4%B8%8B%E5%85%8D%E7%96%AB%E7%99%82%E6%B3%95%E3%81%AE%E3%82%B3%E3%82%B9%E3%83%88%E3%81%AF%EF%BC%9F-2/,花粉症 舌禍治療 費用,45,0.44880286,28
7681,http://www.medic-grp.co.jp/doctor/nunobiki/b2.html,花粉症 舌禍治療 費用,45,0.95495665,28
10417,https://totalhealthinfo.com/,花粉症 舌禍治療 費用,45,0.52969086,28
908,https://toda-jibika.jp/%E8%88%8C%E4%B8%8B%E5%85%8D%E7%96%AB%E7%99%82%E6%B3%95%EF%BC%88%E3%82%B9%E3%82%AE%E8%8A%B1%E7%B2%89%E7%97%87%E3%80%81%E3%83%80%E3%83%8B%E3%82%A2%E3%83%AC%E3%83%AB%E3%82%AE%E3%83%BC%E3%81%AE%E6%B2%BB,花粉症 舌禍治療 費用,45,0.7579,28
74,https://www.raycop.co.jp/life/care/2022/,花粉症 舌禍治療 費用,45,0.7447149,28
79,https://watanabe-clinic.com/internal/kafun.html,花粉症 舌禍治療 費用,45,0.620331,28
10416,https://aricli4141.com/%E6%BC%A2%E6%96%B9%E8%A8%BA%E7%99%82,花粉症 舌禍治療 費用,45,0.9354482,28
1809,https://matsunaga-clinic.or.jp/illness/immunity.html,花粉症 舌禍治療 費用,45,0.6644467,28
10415,https://suganokai.or.jp/original12.html,花粉症 舌禍治療 費用,45,0.42834207,28
236,https://kando-kids.com/menu/kafun.html,花粉症 舌禍治療 費用,45,0.9378621,28
10413,https://www.asahi.com/articles/ASK2H2K0NK2HUBQU00K.html,花粉症 舌禍治療 費用,45,0.8390584,28
10418,http://www.iiiryou.com/filebox/sp/cat215/post_430.html,花粉症 舌禍治療 費用,45,0.7513455,28
10414,http://healthcare.itmedia.co.jp/hc/articles/1503/02/news028.html,花粉症 舌禍治療 費用,45,0.65478987,28
1192,https://kuno-jibika.com/menu/zekka.html,花粉症 舌禍治療 効果,45,0.5843042,29
1849,https://dot.asahi.com/wa/2017032200043.html,花粉症 舌禍治療 効果,45,0.4700602,29
10466,https://yomidr.yomiuri.co.jp/article/20171030-OYTET50058/,花粉症 舌禍治療 効果,45,0.625496,29
2410,https://www.kitasato-u.ac.jp/kmc-hp/section/div-sinryou/jibika/hyposensitization.html,花粉症 舌禍治療 効果,45,0.66242623,29
239,http://www.shuto-clinic.jp/news/719.html,花粉症 舌禍治療 効果,45,0.6694992,29
5389,http://fujiwarajibika.a.la9.jp/sakusaku/7_1.htm,花粉症 皮下免疫療法,45,0.5651332,30
5387,https://www.jstage.jst.go.jp/article/jjrhi/55/2/55_159/_article/-char/ja,花粉症 皮下免疫療法,45,0.914743,30
5392,http://www.futaba-ent.jp/subject/otorhinolaryngology_allergen.html,花粉症 皮下免疫療法,45,0.623382,30
5399,http://www.iritani.jp/kafunsyo.html,花粉症 皮下免疫療法,45,0.5783106,30
5397,http://www.fukushima-ent.com/hyposensitization.html,花粉症 皮下免疫療法,45,0.6737492,30
5394,http://www.jm-c.com/new_page_23.htm,花粉症 皮下免疫療法,45,0.5103825,30
445,http://inocli-kumagaya.byoinnavi.jp/pc/free243278.html,花粉症 皮下免疫療法,45,0.868643,30
5382,http://www.hat-mimi.com/remedy/allergen.html,花粉症 皮下免疫療法,12,0.9687377,4
5391,http://nishiya-ent.com/sublingual_immunotherapy.html,花粉症 皮下免疫療法,12,0.9748718,4
5390,https://www.erca.go.jp/yobou/zensoku/sukoyaka/46/medical/medical04.html,花粉症 皮下免疫療法,12,0.9683871,4
3465,https://www.maseki-ent.jp/sp/zekka.html,花粉症 皮下注射,45,0.604878,31
5408,https://3387ichigo.com/kahunsho.html,花粉症 皮下注射,45,0.72169256,31
5380,https://washio-jibika.com/immunotherapy/,花粉症 皮下注射,45,0.4677441,31
5395,http://koenkai-gr.jp/medical/central-clinic/meneki/index.html,花粉症 皮下注射,12,0.85946804,4
3469,http://shikataiin.com/guidance/kafun/,花粉症 皮下注射,12,0.43238845,4
5417,https://www.enokiganka.com/%E7%96%BE%E6%82%A3%E5%88%A5/%E8%8A%B1%E7%B2%89%E7%97%87/,花粉症 皮下注射,12,0.93364227,4
5385,http://www.shinyuri-hospital.com/column/column_201802.html,花粉症 皮下注射,12,0.9034211,4
5416,https://www.satojuichi-cl.com/naika/n_06.html,花粉症 皮下注射,12,0.67923945,4
10439,https://www.10000nen.com/media/8285/,花粉症 舌禍治療 時期,45,0.58618444,32
72,https://www.ohno-clinic.or.jp/pollinosis.html,花粉症 舌禍治療 時期,45,0.7609043,32
9351,https://j-cl.net/chiryo/index5.htm,花粉症 舌禍治療 時期,45,0.9247861,32
2071,https://child-clinic.or.jp/allergy_kafun,花粉症 舌禍治療 時期,45,0.46766216,32
763,https://www.kyowa-kirin.co.jp/kahun/treatment/special.html,花粉症 舌禍治療 時期,12,0.8253405,4
766,http://yuta-clinic.jp/immunity_index.html,花粉症 舌禍治療 時期,12,0.6114124,4
2310,https://www.sankei.com/life/news/170829/lif1708290007-n1.html,花粉症 舌禍治療 時期,12,0.38740686,4
234,http://www.onojibi.jp/meneki.html,花粉症 舌禍治療 時期,12,0.52755916,4
3217,http://ishimaru-jibika.jp/zeka/,花粉症 舌禍治療 時期,12,0.571835,4
1970,https://www.nies.go.jp/fushigi/050511.html,花粉症 昔は無かった,18,0.50023216,76
6578,https://www.honest.cc/blog/20180310/,花粉症 昔は無かった,18,0.7389059,76
3108,http://www.acsysun.co.jp/counseling/mailmagazine/mail130316.html,花粉症 昔は無かった,18,0.7504929,76
6579,https://313599.net/tweet_1003,花粉症 昔は無かった,18,0.57625943,76
6574,https://www.is.nri.co.jp/report/short-research/2016/000179.html,花粉症 昔は無かった,18,0.8868457,76
4849,https://news.yahoo.co.jp/byline/nyomurayo/20180220-00081798/,花粉症 昔は無かった,18,0.5803623,76
671,https://www.uruorich.jp/kashitsu-blog/2018/03/,花粉症 雨の日,18,0.6721637,77
679,http://www.tmkbclinic.com/news150306.html,花粉症 雨の日,18,0.59065187,77
669,http://shaho-net.co.jp/kippu/month2/index.html,花粉症 雨の日,18,0.8220919,77
668,https://news.goo.ne.jp/article/editeur/trend/editeur-57248.html,花粉症 雨の日,18,0.7472963,77
665,http://www.kasuga-rehabili.com/hospi_log/entry/000902.html,花粉症 雨の日,18,0.5456868,77
674,https://jouhou123.net/archives/692,花粉症 雨の日,18,0.6201796,77
664,https://prestige.smt.docomo.ne.jp/article/57248,花粉症 雨の日,18,0.6791347,77
662,https://hc.nikkan-gendai.com/articles/203177,花粉症 雨の日,18,0.98218185,77
666,http://www.toudai-karate.net/kafun/,花粉症 雨の日,18,0.38139495,77
8105,http://terao-jibika.com/sp/allergy.html,花粉症 レーザー治療 痛み,45,0.8497535,33
5433,https://www.tanabe-orl.jp/topics/detail/id=143,花粉症 レーザー治療 痛み,45,0.8562804,33
8115,http://www.sannohe-jibika.com/laser.html,花粉症 レーザー治療 痛み,45,0.95632887,33
6194,http://www.morohosi-jibika.jp/jibika/kodomonokahunsho-website/kodomo-q&a.html,花粉症 レーザー治療 痛み,45,0.6261024,33
8113,http://www.mars.sannet.ne.jp/y-k-nakamura/re-za-taiken.html,花粉症 レーザー治療 痛み,45,0.40182656,33
8108,https://ginmaru-blog.com/kabunsho-laser-treatment-surgicaloperation/,花粉症 レーザー治療 痛み,45,0.6362413,33
271,http://miyamaedaira-jibika.com/allergy.html,花粉症 レーザー治療 痛み,45,0.9121909,33
8103,http://www.laser-nakamura.com/original.html,花粉症 レーザー治療 痛み,45,0.9489747,33
2314,http://www.goshomi.jp/topics.html,花粉症 最新治療,18,0.7678693,78
49,http://www.tokyo-eiken.go.jp/kj_kankyo/kafun_spring/symposium/,花粉症 最新治療,18,0.7606629,78
55,http://www.tokyo-eiken.go.jp/kj_kankyo/kafun/symposium/,花粉症 最新治療,18,0.70796996,78
3113,https://www.torii.co.jp/release/2015/150807_1.html,花粉症 減感作療法,45,0.5006641,34
9455,http://kusumoto.or.jp/jyushin/jyushin-minasama/sugikafunn/,花粉症 減感作療法,45,0.38900703,34
9457,http://www.tokyo-eiken.go.jp/kj_kankyo/kafun/torikumi/zekka/,花粉症 減感作療法,45,0.4448258,34
2041,https://www.healthcare.omron.co.jp/resource/column/topics/21.html,花粉症 減感作療法,45,0.706501,34
2907,https://enechange.jp/articles/laundry-hay-fever,花粉症 洗濯物,18,0.98911107,79
2903,https://www.kajitaku.com/column/house-cleaning/airconditioner/2849,花粉症 洗濯物,18,0.8675963,79
2904,https://www.ykkap.co.jp/feature/003/,花粉症 洗濯物,18,0.96378696,79
2905,https://m3q.jp/t/316,花粉症 洗濯物,18,0.8514229,79
2901,http://osentaku.lion.co.jp/onayami/20170130/,花粉症 洗濯物,18,0.96581686,79
2906,https://sumaiweb.jp/articles/52765,花粉症 洗濯物,18,0.8443571,79
2911,https://hikari-days.com/1408.html,花粉症 洗濯物,18,0.94018245,79
2917,https://lidea.today/articles/162,花粉症 洗濯物,18,0.97030306,79
2918,https://detail.chiebukuro.yahoo.co.jp/qa/question_detail/q12158105427,花粉症 洗濯物,18,0.8429112,79
2913,https://youpouch.com/2018/01/29/487282/,花粉症 洗濯物,18,0.66367495,79
631,https://www.sumairu.biz/reform-tips/article-44/,花粉症 洗濯物,18,0.6806601,79
2909,https://az-home01.com/kafun-sunroom-2156,花粉症 洗濯物,18,0.76579654,79
2916,https://hayfever-item-navi.net/others/28.html,花粉症 洗濯物,18,0.6466684,79
12382,https://intome.jp/supplement-evidence/,花粉症 パレオな男,41,0.34112942,30
12380,http://buzz-plus.com/article/2015/06/26/enteric-environment/,花粉症 パレオな男,41,0.67631996,30
12388,http://watanabi.hatenablog.com/entry/2018/08/05/155959,花粉症 パレオな男,41,0.4371231,30
12381,https://yuchrszk.blogspot.com/2015/03/blog-post_31.html,花粉症 パレオな男,41,0.38052234,30
11130,https://www.machino-hifuka.com/exam/%E8%8A%B1%E7%B2%89%E7%97%87/,花粉症 でも大丈夫な花,18,0.89935637,80
7172,https://oshiete.goo.ne.jp/qa/2449085.html,花粉症 でも大丈夫な花,18,0.72425926,80
5351,https://www.kajitaku.com/column/house-cleaning/airconditioner/2945,花粉症 でも大丈夫な花,18,0.9956058,80
11137,https://www.asahi.com/articles/ASL3T7GB6L3TUTIL01R.html,花粉症 でも大丈夫な花,18,0.22776668,80
11139,https://www.mwed.jp/community/questions/8038,花粉症 でも大丈夫な花,18,0.63286585,80
8586,https://ameblo.jp/ora-no-hosomichi/,花粉症 ヲシテ文字,38,0.41935968,8
8595,https://www.pinterest.jp/andorea22/%E3%81%9F%E3%82%81%E3%81%AB%E3%81%AA%E3%82%8B%E7%9F%A5%E8%AD%98/,花粉症 ヲシテ文字,38,0.2864803,8
8587,http://kawaiikaomoji.web.fc2.com/kawaiikaomoji/kisetu/haru.htm,花粉症 ヲシテ文字,38,0.53828317,8
8591,https://blog.goo.ne.jp/ten380445/e/4759b3ffbc22df4cf9d853c222462d36,花粉症 ヲシテ文字,38,0.22644682,8
8599,http://nezu621.blog7.fc2.com/blog-entry-3917.html,花粉症 ヲシテ文字,38,0.26327306,8
8589,https://blog.goo.ne.jp/ten380445/e/ab11cb5dd22fdc79c71f154620d9d7cc,花粉症 ヲシテ文字,38,0.35344383,8
8583,http://www.facemark.jp/f-kenkou.htm,花粉症 ヲシテ文字,38,0.9694079,8
14126,https://store.shopping.yahoo.co.jp/gashoan/10000103.html,花粉症 茶カテキン,29,0.3313513,4
14124,https://www.asahiinryo.co.jp/rd/note/benifuuki_03.html,花粉症 茶カテキン,29,0.82015926,4
14132,https://www.yame-tea.jp/item/cha001/,花粉症 茶カテキン,29,0.6136242,4
4638,https://biz-journal.jp/2017/02/post_17976.html,花粉症 濡れタオル,18,0.85767734,81
4639,https://www.j-cast.com/tv/2018/02/08320753.html,花粉症 濡れタオル,18,0.8016297,81
4632,http://tabemono.info/report/report_5.html,花粉症 濡れタオル,18,0.45757857,81
4636,https://zigsow.jp/review/300/265162,花粉症 濡れタオル,18,0.39798445,81
4622,https://esse-online.jp/99813,花粉症 濡れタオル,18,0.6029388,81
4623,https://www.xn--yfro26d.net/faq/,花粉症 濡れタオル,18,0.84992963,81
4634,https://dog.benesse.ne.jp/qa/content/?id=31510,花粉症 濡れタオル,18,0.6021755,81
12178,https://world-musen.com/z010.htm,花粉症 防塵マスク,36,0.44910088,16
12171,https://ja.wikipedia.org/wiki/%E3%83%9E%E3%82%B9%E3%82%AF,花粉症 防塵マスク,36,0.30779105,16
12179,https://wowma.jp/item/326695388,花粉症 防塵マスク,36,0.26408926,16
4592,https://kaden.watch.impress.co.jp/cda/column/2009/02/19/3543.html,花粉症 濡れマスク,17,0.49531016,14
4596,https://matome.naver.jp/odai/2138278183294805101,花粉症 濡れマスク,17,0.5161551,14
4588,https://www.kobayashi.co.jp/corporate/news/2014/140109_01/index.html,花粉症 濡れマスク,17,0.44688603,14
4581,http://qusuriya.hatenablog.com/entry/2016/04/12/%E8%8A%B1%E7%B2%89%E7%97%87%E3%82%84%E5%96%89%E3%81%AE%E4%B9%BE%E7%87%A5%E5%AF%BE%E7%AD%96%E3%81%AB%E6%BF%A1%E3%82%8C%E3%83%9E%E3%82%B9%E3%82%AF%E3%82%92%E6%89%8B%E4%BD%9C%E3%82%8A%E3%81%97%E3%82%88,花粉症 濡れマスク,17,0.46595308,14
4582,https://my-best.com/667,花粉症 濡れマスク,17,0.71205205,14
11625,https://ucc.or.jp/consultation/cosmetics,花粉症 ビタミンc,43,0.79057693,32
11627,https://biz-journal.jp/2018/04/post_22966_2.html,花粉症 ビタミンc,43,0.71355873,32
11634,https://m-c-d-k.com/shinryo/vitamin.html,花粉症 ビタミンc,43,0.47581786,32
11629,https://ito-jibika.net/byouki-kaisetsu/tag/%E3%83%93%E3%82%BF%E3%83%9F%E3%83%B3c/,花粉症 ビタミンc,43,0.55126977,32
11633,https://serai.jp/health/317007,花粉症 ビタミンc,43,0.54380393,32
300,https://www.kyowa-kirin.co.jp/sp/kahun/basic/summer_fall.html,花粉症 何月,18,0.99367744,82
1505,https://komuginoheya.com/1048.html,花粉症 何月,18,0.87797934,82
4236,https://www.toledofiremuseum.com/cedar-pollen/,花粉症 何月,18,0.95232624,82
4234,https://www.toledofiremuseum.com/hay-fever-medicine-when-take-medicine/,花粉症 何月,18,0.77743363,82
427,http://www.pref.kanagawa.jp/docs/cz6/cnt/f848/,花粉症 何月,18,0.6037337,82
4877,https://timez.jp/good-night-talkshow-11,花粉症 眠れない,18,0.40137973,83
4878,http://komachi.yomiuri.co.jp/t/2009/0216/225537.htm,花粉症 眠れない,18,0.4157359,83
4873,https://www.raycop.co.jp/life/care/2004/,花粉症 眠れない,18,0.990101,83
4871,https://airweave.jp/spring_17/,花粉症 眠れない,18,0.9662069,83
3667,http://www.itscom.net/contents/maegumi/contents/sakurai/433.html,花粉症 辛いもの,18,0.79335576,84
3662,https://www.k-katani.com/archives/2536,花粉症 辛いもの,18,0.97944874,84
3638,https://www.meganesuper.co.jp/senryu/,花粉症 辛いもの,18,0.963372,84
3674,http://www.yc.zennoh.or.jp/web/karada/0303_k2.html,花粉症 辛いもの,18,0.46871132,84
5488,http://kafun-rescue.jp/prevention/pictorial-book/winter.html,花粉症 バラ科アレルギー,18,0.41291568,85
500,https://www.kyowa-kirin.co.jp/kahun/about/other.html,花粉症 バラ科アレルギー,18,0.9748718,85
519,http://www.nippon-shinyaku.co.jp/healthy/seasonal/contents_2_1.html,花粉症 バラ科アレルギー,18,0.5955916,85
11524,https://www.sankei.com/smp/life/news/170209/lif1702090014-s1.html,花粉症 バラ科アレルギー,45,0.7459837,34
11534,http://www.minatogawaclinic.com/sp/knowledge.shtml?oya=1&id=16fdo32,花粉症 バラ科アレルギー,45,0.5158757,34
11532,http://senoopc.jp/al/nutsallergy.html,花粉症 バラ科アレルギー,45,0.51631397,34
1520,https://www.sawai.co.jp/kenko-suishinka/illness/201112.html,花粉症 予防薬,18,0.31273198,86
1310,https://www.d-yutaka.co.jp/blog/health_and_beauty/1701hay-fever/,花粉症 予防薬,18,0.94842106,86
7459,https://www.diver-online.com/column/detail/id/5855/,花粉症 予防薬,18,0.5451837,86
1633,http://www.cc9.ne.jp/~kashinkai/syokiryouhou.html,花粉症 予防薬,18,0.49569413,86
7456,https://www.toledofiremuseum.com/september-hay-fever/,花粉症 予防薬,18,0.96423686,86
27,http://ddmap.jp/sp/kafun-2018-med/,花粉症 予防薬,43,0.89437306,32
944,https://biz-journal.jp/2017/02/post_18004.html,花粉症 予防薬,43,0.7141056,32
2574,https://www.hospital.asahi.chiba.jp/section/paramedic/medicine/hay_fever/medicine.html,花粉症 予防薬,43,0.78743434,32
3463,https://nagakura-ac.com/%E6%B8%9B%E6%84%9F%E4%BD%9C%E7%99%82%E6%B3%95,花粉症 減感作療法 注射,45,0.9275557,35
9498,http://www.myclinic.ne.jp/nishimura_cl/pc/free2.html,花粉症 減感作療法 注射,45,0.6156003,35
9495,http://www.yoshida-cl.com/7-al/gen.html,花粉症 減感作療法 注射,45,0.9077299,35
9487,http://www.sho-jin.com/tiryou/rokui/,花粉症 減感作療法 注射,45,0.86378926,35
2497,https://medical.nikkeibp.co.jp/leaf/all/series/drug/update/201710/553180.html,花粉症 減感作療法 注射,45,0.5722479,35
9493,https://kotobank.jp/word/%E6%B8%9B%E6%84%9F%E4%BD%9C%E7%99%82%E6%B3%95-491600,花粉症 減感作療法 注射,45,0.48862323,35
5412,http://yg-allergy.com/story/allergy-5.html,花粉症 減感作療法 注射,45,0.93864095,35
3356,https://www.torii.co.jp/release/2014/140902.html,花粉症 減感作療法 注射,45,0.68079793,35
9452,http://www.kawano-clinic.net/allergy/desensitization/index.html,花粉症 減感作療法 注射,45,0.7351928,35
9499,https://www.amazon.co.jp/%E8%8A%B1%E7%B2%89%E7%97%87%E3%83%BB%E3%82%A2%E3%83%AC%E3%83%AB%E3%82%AE%E3%83%BC%E3%82%92%E6%B2%BB%E3%81%99%E6%B3%A8%E5%B0%84%E3%81%97%E3%81%AA%E3%81%84%E6%B8%9B%E6%84%9F%E4%BD%9C%E7%99%82%E6%B3%95%E3%81%AE%E5%A8%81%E5%8A%9B%E2%80%95%E6%AC%A7%E7%B1%B3%E3%81%A7%E8%A9%B1%E9%A1%8C%E3%81%AESLIT%E3%81%A8%E3%81%AF-%E6%96%89%E8%97%A4-%E6%AD%A3%E5%B3%B0/dp/4931400299,花粉症 減感作療法 注射,45,0.5672473,35
5381,http://hozankai.com/jiyuugaoka-ika/medical-subjects/division-of-allergy/hyposensitization_therapy,花粉症 減感作療法 注射,45,0.76876146,35
9486,http://www.yamaguchi-jibika.jp/meneki.html,花粉症 減感作療法 注射,45,0.67174965,35
9449,https://ameblo.jp/kids-forest/entry-12356792912.html,花粉症 減感作療法 注射,45,0.65823513,35
78,http://www.h-cl.org/topics/409/,花粉症 減感作療法 注射,45,0.9604559,35
1328,https://inakadaisuki.com/kahunallergy_noarea/,花粉症 日本だけ,18,0.9164714,87
4330,https://tokuhain.arukikata.co.jp/tyrol/2017/03/post_159.html,花粉症 日本だけ,18,0.7407976,87
1323,https://news.mynavi.jp/article/20160321-a048/,花粉症 日本だけ,18,0.9594905,87
4328,https://tenki.jp/suppl/ryoko/2015/03/14/2201.html,花粉症 日本だけ,18,0.33079562,87
4332,https://youpouch.com/2016/03/07/340490/,花粉症 日本だけ,18,0.64536583,87
1321,http://english.cheerup.jp/article/4907,花粉症 日本だけ,18,0.50425345,87
936,https://www.mag2.com/p/news/155405,花粉症 日本だけ,18,0.57167035,87
185,http://www.okamura-jibika.jp/article/13250758.html,花粉症 口の中が痒い,18,0.6718457,88
846,https://www.zehitomo.com/blog/client/hay-fever-throat,花粉症 口の中が痒い,18,0.67325145,88
5064,https://lidea.today/articles/458,花粉症 口の中が痒い,18,0.9573913,88
1604,https://yomidr.yomiuri.co.jp/article/20160705-OYTET50033/,花粉症 口の中が痒い,43,0.42978632,32
9392,http://hachioji.tokyo-med.ac.jp/division/d23-1.html,花粉症 口の中が痒い,43,0.46762362,32
9353,https://www.osaka-kyoiku.ac.jp/~ioku/foodsite/allergy.htm,花粉症 口の中が痒い,43,0.38350484,32
6918,http://sugimoto-clinic.or.jp/sinryounaiyou/%E6%9E%9C%E7%89%A9%E3%82%A2%E3%83%AC%E3%83%AB%E3%82%AE%E3%83%BC%E3%80%80%E3%81%94%E6%B3%A8%E6%84%8F%E3%82%92/,花粉症 口の中が痒い,45,0.44701394,35
1751,https://www.houdoukyoku.jp/posts/7799,花粉症 口の中が痒い,45,0.28323334,35
9388,http://www.hyogo-c.ed.jp/~ryohoku-es/gakkouhokenniinnkai/H24.html,花粉症 口の中が痒い,45,0.37238142,35
9396,https://wotopi.jp/archives/64106,花粉症 口の中が痒い,45,0.4620894,35
1065,http://www.sato-seiyaku.co.jp/healthcare/allergy.html,花粉症 口の中が痒い,45,0.4156072,35
6914,https://www.meiji.co.jp/meiji-shokuiku/food-allergy/type/03/,花粉症 口の中が痒い,45,0.5484185,35
13541,https://www.eyedoctors.jp/ecpmb/disease/d08.html,花粉症 許容量,18,0.42822844,89
13558,http://www.marumitsu-sunyo.co.jp/tsurunohitokoe/post-697/,花粉症 許容量,18,0.44299808,89
13554,https://blogs.yahoo.co.jp/xua63894/59261302.html,花粉症 許容量,18,0.93,89
724,https://matome.naver.jp/odai/2152152320060178401,花粉症 雨の日 ひどい,18,0.8930967,90
737,https://s.webry.info/sp/sk1000000.at.webry.info/201805/article_7.html,花粉症 雨の日 ひどい,18,0.32073778,90
730,https://oshiete.goo.ne.jp/qa/3849560.html,花粉症 雨の日 ひどい,18,0.68220204,90
736,http://komachi.yomiuri.co.jp/t/2011/1030/456512.htm,花粉症 雨の日 ひどい,18,0.5357283,90
726,http://haigyo.net/orange/?p=444,花粉症 雨の日 ひどい,18,0.6579316,90
1730,https://toyokeizai.net/articles/-/107317,花粉症 顔がかゆい,18,0.8026469,91
2747,https://www.kose.co.jp/carte_clinity/tellmedoctor5/,花粉症 顔がかゆい,18,0.5230966,91
4343,https://www.shiseido.co.jp/sw/c/dp/special/25.html,花粉症 顔がかゆい,18,0.88990396,91
8889,https://www.kracie.co.jp/kampo/kampofullife/body/?p=2056,花粉症 顔がかゆい,18,0.4102192,91
5294,https://woman.mynavi.jp/article/160315-132/,花粉症 顔がかゆい,18,0.49749732,91
489,https://papauma.com/2018/01/hay-fever-genetic/,花粉症 遺伝する,18,0.8788035,92
480,https://benza.jp/bien/kafunsho/06.html,花粉症 遺伝する,18,0.481969,92
482,http://www.nakanokodomo.com/db/allergy4.htm,花粉症 遺伝する,18,0.67646664,92
9336,https://www.kodomo-heart.com/osaki/consultation/94.html,花粉症 口の中,45,0.8981414,36
9330,https://news.mynavi.jp/article/oralcare-13/,花粉症 口の中,45,0.33401087,36
2806,http://www.kyowa-kirin.co.jp/sp/kahun/basic/about.html,花粉症 口の中,45,0.46644643,36
9237,https://healthrent.duskin.jp/column/oral/vol03/index.html,花粉症 口の中,41,0.5409354,30
9335,https://www.kawamoto-sangyo.co.jp/symptoms/drymouse/about/,花粉症 口の中,41,0.521073,30
9332,https://adachi-ent.com/column/732,花粉症 口の中,41,0.8285658,30
8410,https://rocketnews24.com/2017/03/03/869664/,花粉症 わからない,18,0.61962986,93
8415,https://rocketnews24.com/2015/03/12/556043/,花粉症 わからない,18,0.69364125,93
481,https://tokyo.cawaii.media/tokyo-cawaii/40093,花粉症 わからない,18,0.6644379,93
1457,https://news.yahoo.co.jp/byline/tanakaatsuo/20150220-00043191/,花粉症 わからない,18,0.83439946,93
5831,https://kids.gakken.co.jp/himitsu/065/,花粉症 わからない,18,0.315782,93
8412,https://www.sakaiku.jp/column/health/2014/006299.html,花粉症 わからない,18,0.832186,93
14452,https://irotoridori.biz/is-it-true-that-yogurt-is-good-for-hay-fever,花粉症 腸内環境 嘘,43,0.74581367,33
14448,https://gendai.ismedia.jp/articles/-/42461,花粉症 腸内環境 嘘,43,0.74572986,33
14458,https://zendamakinblog.com/toughness/survive,花粉症 腸内環境 嘘,43,0.8726507,33
14446,https://kirakira-days.com/archives/1465.html,花粉症 腸内環境 嘘,41,0.5835726,30
14451,http://lgglab.jp/column/backnumber_vol04.html,花粉症 腸内環境 嘘,41,0.8765288,30
14450,https://mama-info.hatenablog.com/entry/2018/12/09/205853,花粉症 腸内環境 嘘,41,0.5889179,30
14449,https://macrobiotic-daisuki.jp/daichogan-50535.html,花粉症 腸内環境 嘘,41,0.545005,30
15921,https://www.machii-clinic.com/column/kafun.html,花粉症 力が入らない,18,0.49815926,94
15915,http://www.myclinic.ne.jp/imobile/contents/medicalinfo/top_naika/suzuken_naika_96/mdcl_info.html,花粉症 力が入らない,18,0.8068318,94
15928,https://www.medience.co.jp/public/web_book/01/05.html,花粉症 力が入らない,18,0.69197005,94
15922,https://kp-clinic.com/,花粉症 力が入らない,35,0.5586661,21
15913,https://takashima-jibika.com/category01/season.html,花粉症 力が入らない,35,0.3267136,21
15930,https://takuma.clinic/,花粉症 力が入らない,35,0.52407366,21
6542,http://www.shionogi-hc.co.jp/wellness/special/special0302/index.html,花粉症 具合悪い,18,0.6141936,95
9312,https://www.tv-asahi.co.jp/announcer/anach/2018/7.html,花粉症 具合悪い,18,0.6018269,95
9301,http://www.kbclinic.or.jp/news/pollenosis/index.html,花粉症 具合悪い,18,0.7415704,95
1570,https://woman.mynavi.jp/article/160308-19/,花粉症 具合悪い,41,0.6635573,30
3597,http://dsj.hatenablog.com/entry/2015/09/08/054431,花粉症 具合悪い,41,0.41436258,30
9311,https://www.jprime.jp/articles/-/11805,花粉症 具合悪い,41,0.50888747,30
12514,https://www.shop.post.japanpost.jp/shop/g/gCF4987306045668/,花粉症 パブロン鼻炎カプセル,44,0.98629063,11
12510,https://item.rakuten.co.jp/kenkocom/e314738h/,花粉症 パブロン鼻炎カプセル,44,0.7102652,11
12513,https://lohaco.jp/product/9458934/,花粉症 パブロン鼻炎カプセル,44,0.98687476,11
12501,https://www.catalog-taisho.com/04567.php,花粉症 パブロン鼻炎カプセル,44,0.52697295,11
12518,http://kakaku.com/medicine-item/K0000641443/spec/,花粉症 パブロン鼻炎カプセル,44,0.56599665,11
12517,https://store.shopping.yahoo.co.jp/drug-pony/ts-4987306045897.html,花粉症 パブロン鼻炎カプセル,44,0.8850681,11
12507,https://www.amazon.co.jp/%E3%83%91%E3%83%96%E3%83%AD%E3%83%B3-%E3%80%90%E7%AC%AC2%E9%A1%9E%E5%8C%BB%E8%96%AC%E5%93%81%E3%80%91%E3%83%91%E3%83%96%E3%83%AD%E3%83%B3%E9%BC%BB%E7%82%8E%E3%82%AB%E3%83%97%E3%82%BB%E3%83%ABZ-28%E3%82%AB%E3%83%97%E3%82%BB%E3%83%AB-%E2%80%BB%E3%82%BB%E3%83%AB%E3%83%95%E3%83%A1%E3%83%87%E3%82%A3%E3%82%B1%E3%83%BC%E3%82%B7%E3%83%A7%E3%83%B3%E7%A8%8E%E5%88%B6%E5%AF%BE%E8%B1%A1%E5%95%86%E5%93%81/dp/B00F4MNWW2,花粉症 パブロン鼻炎カプセル,44,0.8046305,11
12515,https://www.taisho.co.jp/company/release/2004/04_1124-j.html,花粉症 パブロン鼻炎カプセル,44,0.29758227,11
12503,https://www.catalog-taisho.com/symptom/list?id=28,花粉症 パブロン鼻炎カプセル,44,0.72159946,11
277,http://www.sanchaclinic.jp/original8.html,花粉症 アレルギー検査,45,0.4113645,37
273,https://jimbocho-hifu.com/index.php?%E8%8A%B1%E7%B2%89%E7%97%87,花粉症 アレルギー検査,45,0.57278365,37
275,https://www.jsaweb.jp/modules/stwn/index.php?content_id=18,花粉症 アレルギー検査,45,0.5897273,37
266,http://www.otakeganka.com/info/kaniallergykensa,花粉症 アレルギー検査,33,0.65052897,3
272,http://med.matsusaka.or.jp/kenshin/wadai07.html,花粉症 アレルギー検査,33,0.47826052,3
262,http://ikebukuro-hifuka.com/allergy.html,花粉症 アレルギー検査,33,0.5372451,3
2687,https://suiminkaigi.jp/special/hayfever-sleep,花粉症 楽にする方法,18,0.36200288,96
7566,https://www.mag2.com/p/news/351462,花粉症 楽にする方法,18,0.46013305,96
7572,https://matome.naver.jp/odai/2145873416099220101,花粉症 楽にする方法,18,0.6569388,96
8728,http://bunshun.jp/articles/-/1279,花粉症 nhkスペシャル,43,0.81304127,34
8725,https://www2.nhk.or.jp/archives/chronicle/?0001000000000000@00000000000000000000004F-07750000000000000000-3B00,花粉症 nhkスペシャル,43,0.89851993,34
8735,https://ogasawara-dairy-farm.com/colum-02/,花粉症 nhkスペシャル,43,0.6328799,34
1500,https://news.mynavi.jp/article/20150316-a040/,花粉症 急に,18,0.4930835,97
1504,https://www.selfdoctor.net/q_and_a/2001_03/kahunsho/01.html,花粉症 急に,18,0.46933043,97
1247,http://tg.tripadvisor.jp/allergies/,花粉症 急に,18,0.6198243,97
1596,http://komachi.yomiuri.co.jp/t/2013/0420/587669.htm,花粉症 急に治る,41,0.37464926,31
13538,http://www.satonao.com/archives/2018/05/post_3597.html,花粉症 急に治る,41,0.32378164,31
4944,http://news.livedoor.com/article/detail/15104364/,花粉症 急に治る,41,0.7656352,31
5157,http://takahashi-ent.jp/cases_commentary/index10/,花粉症 急に治る,41,0.53846055,31
6719,https://www.city.kikuchi.lg.jp/q/aview/109/12112.html,花粉症 目が痛い,18,0.5700989,98
6715,http://www.umazume.or.jp/archive/007.html,花粉症 目が痛い,18,0.3098622,98
1981,https://www.alcon.co.jp/stories/kafunsho,花粉症 目が痛い,18,0.33522755,98
10682,http://ai-nutrition.com/fasting/%E4%BA%BA%E7%94%9F%E3%82%92%E5%86%8D%E3%82%B9%E3%82%BF%E3%83%BC%E3%83%88%E3%81%95%E3%81%9B%E3%82%8B%E4%BB%A5%E5%A4%96%E3%81%AA%E6%96%B9%E6%B3%95%E3%80%8C%E3%83%95%E3%82%A1%E3%82%B9%E3%83%86%E3%82%A3/,花粉症 腸内環境 改善,43,0.42037353,35
3457,http://www.kenkodojo.com/guts/exam/,花粉症 腸内環境 改善,43,0.7964698,35
2251,https://penya.jp/technique-55/,花粉症 腸内環境 改善,43,0.46445355,35
3453,https://common-fitness.com/beautyhealth/540/,花粉症 腸内環境 改善,43,0.4467495,35
3449,https://cyclist.sanspo.com/119841,花粉症 腸内環境 改善,41,0.72474885,31
14333,https://lounge.dmm.com/canary/19927/,花粉症 腸内環境 改善,41,0.74705935,31
3446,http://sportsone.jp/nutrition/column/894.html,花粉症 腸内環境 改善,41,0.6589614,31
14495,http://www.nakamura-u.ac.jp/research/yakuzen/topics/detail/?masterid=1047,花粉症 腸内環境 改善,41,0.25880304,31
10088,https://192abc.com/232578,花粉症 授乳中,43,0.39166257,36
10096,https://detail.chiebukuro.yahoo.co.jp/qa/question_detail/q11125176886,花粉症 授乳中,43,0.5275839,36
10084,http://www.tononeco.net/entry/2017/05/09/%E6%8E%88%E4%B9%B3%E4%B8%AD%E3%81%AE%E8%8A%B1%E7%B2%89%E7%97%87%E5%AF%BE%E5%87%A6%EF%BC%81%E7%9B%AE%E3%81%A8%E5%96%89%E3%81%8C%E3%83%84%E3%83%A9%E3%81%8B%E3%81%A3%E3%81%9F%E7%A7%81%E3%81%AE%E5%A0%B4%E5%90%88,花粉症 授乳中,43,0.350901,36
10083,https://www.ncchd.go.jp/kusuri/lactation/qa_junyu.html,花粉症 授乳中,43,0.30882242,36
12913,https://lohaco.jp/product/8499772/,花粉症 ペラック,44,0.9198645,12
12907,https://joshinweb.jp/drug/221703/4987107034793.html,花粉症 ペラック,44,0.96711963,12
12908,http://kakaku.com/medicine-item/K0000530597/spec/,花粉症 ペラック,44,0.55368483,12
12917,https://rough-log.com/475,花粉症 ペラック,44,0.34871742,12
12906,https://www.shop.post.japanpost.jp/shop/g/gCF4987107034786/,花粉症 ペラック,44,0.71202457,12
12903,https://ameblo.jp/sh-ee-na/entry-12337733885.html,花粉症 ペラック,44,0.2560422,12
12918,https://www.kenko.com/P297065/p.html,花粉症 ペラック,44,0.4117273,12
12909,https://joshinweb.jp/drug/30000537/4987107047076.html,花粉症 ペラック,44,0.9846875,12
8316,http://www.seika-hosonoseikotuin.info/archives/51966588.html,花粉症 ペラック,41,0.8293148,31
12905,https://kannnonn.com/archives/7607,花粉症 ペラック,41,0.7051466,31
12911,https://www.cosme.net/product/product_id/10109819/reviews,花粉症 ペラック,41,0.46519896,31
8094,https://www.news-postseven.com/archives/20170128_488214.html,花粉症 レーザー手術,45,0.80694044,38
2819,http://yamada-jibika.com/yamada_arerugi.html,花粉症 レーザー手術,45,0.93391156,38
28,https://www.ajha.or.jp/guide/22.html,花粉症 レーザー手術,45,0.7213183,38
8092,http://www.kumamotohigashi-jibika.com/laser/,花粉症 レーザー手術,45,0.537069,38
8097,http://www.jinyoukai.or.jp/jibiinkou/allergy.html,花粉症 レーザー手術,45,0.82374203,38
374,https://www.soja-ent.com/medical/allergy/,花粉症 レーザー手術,45,0.7381266,38
2455,https://www.ginzaclinic.com/chiryo/,花粉症 レーザー手術,45,0.47192726,38
8082,https://www.iwano-jibika.or.jp/allergic_rhinitis_surgery/,花粉症 レーザー手術,45,0.925786,38
14658,https://detail.chiebukuro.yahoo.co.jp/qa/question_detail/q1210859187,花粉症 尿漏れ,18,0.48434064,99
14657,https://noda-chiro.jp/%E7%94%A3%E5%BE%8C%E3%81%AE%E5%B0%BF%E3%82%82%E3%82%8C%E3%81%A8%E8%8A%B1%E7%B2%89%E7%97%87%E3%81%AE%E3%81%8F%E3%81%97%E3%82%83%E3%81%BF.html,花粉症 尿漏れ,18,0.29733318,99
14656,https://joshi-spa.jp/498258,花粉症 尿漏れ,18,0.44664505,99
14645,https://www.well-lab.jp/201703/recipe/10852,花粉症 尿漏れ,41,0.53655976,31
14651,https://googirl.jp/lifestyle/1503rorie037/,花粉症 尿漏れ,41,0.24827264,31
14647,http://www.s-joho.com/soudan/kenkou/113.html,花粉症 尿漏れ,41,0.42051148,31
2890,https://www.tsumura.co.jp/kampo/nayami/seki01.html,花粉症 咳のみ,44,0.6966104,13
2894,https://dot.asahi.com/wa/2017082500008.html,花粉症 咳のみ,44,0.46114588,13
2873,https://navitasclinic.jp/archives/blog/835,花粉症 咳のみ,44,0.41108245,13
2895,http://kobe-seki-nmc.com/treat/nagabikuseki.html,花粉症 咳のみ,44,0.6122835,13
2892,http://www.taku-jibi.jp/blog/227/,花粉症 咳のみ,44,0.53844327,13
2777,https://kidsna.com/magazine/health-health-problem-18012301-2335,花粉症 咳のみ,44,0.44531867,13
2897,https://business.nikkeibp.co.jp/atcl/report/15/226265/051600119/,花粉症 咳のみ,44,0.61462885,13
3447,https://www.vdrug.co.jp/customer/tips/hay-fever/,花粉症 腸内環境,43,0.54971355,37
2247,http://milkmaid.jp/kahunnsyou.html,花粉症 腸内環境,43,0.7179165,37
3448,http://lgglab.jp/column/backnumber_vol02.html,花粉症 腸内環境,43,0.65382147,37
14115,https://mamanoko.jp/articles/18554,花粉症 着床,39,0.6299421,5
14118,https://st.benesse.ne.jp/ninshin/content/?id=2435,花粉症 着床,39,0.6801112,5
14107,https://matome.naver.jp/odai/2138037470324883601,花粉症 着床,39,0.48517254,5
14103,https://www.ogawaclinic.or.jp/category/cat_column/,花粉症 着床,39,0.4750353,5
16757,http://toda-ent.jp/nose.html,花粉症 上咽頭炎,44,0.5831949,14
16753,https://kotobank.jp/word/%E6%80%A5%E6%80%A7%E4%B8%8A%E5%92%BD%E9%A0%AD%E7%82%8E-793142,花粉症 上咽頭炎,44,0.7406077,14
16759,https://mirai-iryou.com/shinryo/bspot/,花粉症 上咽頭炎,44,0.49242467,14
16762,https://morishita-ent.com/b_spot.html,花粉症 上咽頭炎,41,0.4497449,31
16758,https://www.asagei.com/excerpt/102487,花粉症 上咽頭炎,41,0.5400042,31
16766,https://kakuyomu.jp/works/1177354054881040030/episodes/1177354054883108258,花粉症 上咽頭炎,41,0.42700627,31
16765,https://www.matsutani-ent.com/b_spot,花粉症 上咽頭炎,41,0.47679433,31
16769,https://business-life.jp/mental/9554,花粉症 上咽頭炎,41,0.4916972,31
738,https://toyokeizai.net/articles/-/165183,花粉症 首の痛み,41,0.7111934,32
1723,https://www.ayase-ekimae.com/ortopedic/muchiuchi,花粉症 首の痛み,41,0.42750221,32
1739,https://www.jho.or.jp/html/gijutsuteikyo.html,花粉症 首の痛み,41,0.6549951,32
1722,https://www.healthcare.omron.co.jp/resource/column/life/70.html,花粉症 首の痛み,41,0.4666203,32
1738,http://www.fixc.jp/,花粉症 首の痛み,41,0.8416783,32
6328,https://www.senrichuo-ent.com/ear,花粉症 耳だれ,44,0.24966966,15
6330,http://www.noto-hospital.nanao.ishikawa.jp/?p=132,花粉症 耳だれ,44,0.501581,15
6334,https://www.jiyugaokamp.com/menu/jibika.html,花粉症 耳だれ,44,0.7808343,15
6336,http://www.matsutani-ent.com/ear,花粉症 耳だれ,44,0.2285397,15
6323,https://www.takayama-ent.com/disease-ear.html,花粉症 耳だれ,35,0.8085176,21
6329,http://www.hc.u-tokyo.ac.jp/guide/%E8%80%B3%E9%BC%BB%E5%92%BD%E5%96%89%E7%A7%91/,花粉症 耳だれ,35,0.5357152,21
6333,https://www.matsutani-ent.com/ear/110.html,花粉症 耳だれ,35,0.31320417,21
6322,https://itoclinic.com/oto/symptom_ear/,花粉症 耳だれ,35,0.41696525,21
6335,http://mineharu-ent.com/intro.html,花粉症 耳だれ,35,0.48552182,21
6332,https://www.hakuho.or.jp/ako/department_guide/index_26.html,花粉症 耳だれ,35,0.3672036,21
6327,https://akabanejibi.com/oto/disease_ear/,花粉症 耳だれ,35,0.519124,21
14808,http://www.e-doctors-net.com/shinjyuku/kousei/,花粉症 尿潜血,35,0.57024586,22
14817,http://www.mommies-clinic.com/inspection/,花粉症 尿潜血,35,0.7072276,22
14811,http://www.satukiclinic.com/inspection/,花粉症 尿潜血,35,0.77287906,22
14819,http://www.msdoncology.jp/rpu/diagnosis/,花粉症 尿潜血,35,0.969375,22
2090,https://hikifune-clinic.jp/%E3%82%B9%E3%82%AE%E8%8A%B1%E7%B2%89%E7%97%87%E3%81%AE%E8%88%8C%E4%B8%8B%E5%85%8D%E7%96%AB%E7%99%82%E6%B3%95%E3%81%AB%E3%81%A4%E3%81%84%E3%81%A6/,花粉症 舌禍治療 いつから,45,0.9300405,39
3658,https://www.tanabe-orl.jp/topics/detail/id=216,花粉症 舌禍治療 いつから,45,0.9592035,39
5816,https://totalhealthinfo.com/category2/entry61.html,花粉症 舌禍治療 いつから,45,0.78819466,39
10447,http://www.wakamatsu-cl.com/sub_sublingual.php,花粉症 舌禍治療 いつから,45,0.64282155,39
10459,https://www.tsudashonika.com/sublingual/,花粉症 舌禍治療 いつから,45,0.43787712,39
950,https://www.odayaka-life.com/ins-examination/allergies/,花粉症 パッチテスト,43,0.6377843,38
12354,https://kojihifu.com/%E8%A6%8B%E5%87%BA%E3%81%97%E3%81%A8%E3%81%8B%E3%82%B9%E3%82%BF%E3%82%A4%E3%83%AB%E4%B8%80%E8%A6%A7-5/,花粉症 パッチテスト,43,0.3466244,38
7479,https://www.sbs-smc.or.jp/memo/detail/16,花粉症 パッチテスト,43,0.40203476,38
12356,http://www.todoroki-hk.com/allergy.html,花粉症 パッチテスト,43,0.46844324,38
5293,https://sakuranamiki-hifuka.jp/allergy.html,花粉症 パッチテスト,33,0.83883804,3
12347,http://clinicnakamura.com/allergy/,花粉症 パッチテスト,33,0.6516718,3
12351,http://kompas.hosp.keio.ac.jp/sp/contents/000357.html,花粉症 パッチテスト,33,0.43406218,3
12348,http://www.jhcia.org/qa/qa06/,花粉症 パッチテスト,33,0.8320512,3
12358,https://ohshima-hifuka.jp/medical/patch-test/,花粉症 パッチテスト,33,0.41681078,3
10184,http://news.kodansha.co.jp/20161010_b02,花粉症 頭痛だけ,41,0.7919731,33
10193,http://komachi.yomiuri.co.jp/t/2012/0410/498074.htm,花粉症 頭痛だけ,41,0.574721,33
10189,https://epark.jp/epark-report/kusuri/migraine-stress-tonicity/,花粉症 頭痛だけ,41,0.8352676,33
6022,https://medicalnote.jp/symptoms/%E3%81%BE%E3%81%B6%E3%81%9F%E3%81%8C%E3%81%8B%E3%82%86%E3%81%84,花粉症 口の中が痒い 対処法,43,0.35335705,39
536,https://petpedia.net/article/166/cat_allergy,花粉症 口の中が痒い 対処法,43,0.675342,39
9359,https://logmi.jp/business/articles/186968,花粉症 口の中が痒い 対処法,43,0.6272914,39
9349,http://komachi.yomiuri.co.jp/t/2010/0706/328814.htm,花粉症 口の中が痒い 対処法,43,0.684861,39
