0,手付金・キャンセル いつまで・キャンセル,,
,,マンション 手付金,14
1,給水方式・受水槽・貯水槽,,
,,マンション 給水方式,15
,,マンション 受水槽,13
,,マンション 貯水槽,12
,,マンション 貯水タンク,12
,,マンション 水道メーター,12
,,マンション 水道代,11
,,マンション 断水,10
,,マンション 水が出ない,10
,,マンション ポンプ,9
,,マンション 停電,8
,,マンション 水道,7
2,在庫 急増・在庫 推移・在庫,,
,,マンション 在庫 急増,14
,,マンション 在庫 推移,11
,,マンション 在庫,10
,,マンション 絶望未来,9
,,マンション 値下がり,9
,,マンション 平均価格,7
,,マンション 業界,7
,,マンション 着工 予測,7
3,にゃんねる マンション・シャッター・浄水器,,
4,不動産取得税・住宅ローン減税・固定資産税,,
,,マンション 不動産取得税,20
,,マンション 住宅ローン減税,18
,,マンション 固定資産税,17
,,マンション 税金 控除,16
,,マンション 住宅ローン控除,16
,,マンション 消費税,16
,,マンション 増税後,13
,,マンション 贈与税 非課税,13
,,マンション 減価償却,13
,,マンション 増税前,12
,,マンション 税金,11
,,マンション 増税,11
,,マンション 譲渡所得,11
,,マンション 贈与税 親子,9
,,マンション 贈与税,8
,,マンション 長期優良住宅,8
,,マンション 譲渡,8
,,マンション 法定耐用年数,7
5,チェロ ミュート・バイオリン ミュート・グランドピアノ 防音,,
6,横長リビング・焼肉・茶室,,
7,全面リフォーム 費用・リフォーム 期間・リフォーム 費用,,
,,マンション 全面リフォーム 費用,17
,,マンション リフォーム 期間,16
,,マンション リフォーム 費用,15
,,マンション お風呂 リフォーム,13
,,マンション 在来浴室 リフォーム,13
,,マンション 全面リフォーム 期間,13
,,マンション ユニットバス リフォーム,12
,,マンション 浴室 リフォーム,12
,,マンション フルリフォーム,11
,,マンション 浴槽 サイズ,11
,,マンション ジャグジー リフォーム,11
,,マンション ユニットバス サイズ,10
,,マンション 和室 洋室 リフォーム,9
,,マンション 浴室 リフォーム 1418,9
,,マンション ユニットバス,9
,,マンション 琉球畳 価格,8
,,マンション 琉球畳,7
,,マンション ガスコンロ 交換,7
,,マンション 分電盤 交換,7
,,マンション 和室 リフォーム,7
8,賃貸・古河・古河市,,
9,権利書・財産分与・名義変更,,
,,マンション 権利書,17
,,マンション 財産分与,16
,,マンション 名義変更,16
,,マンション 共有名義,15
,,マンション 名義,14
,,マンション 仲介手数料,14
,,マンション 病死 損害賠償,14
,,マンション 売却 手数料,14
,,マンション 連帯保証人,13
,,マンション 保証人,13
,,マンション 強制退去,12
,,マンション 病死 告知義務,12
,,マンション 登記,11
,,マンション 苗字変更,11
,,マンション 重要事項説明書,11
,,マンション 競売,11
,,マンション 相続放棄,11
,,マンション 退去,10
,,マンション 病死,10
,,マンション 全部事項証明書,9
,,マンション 入居説明会,9
,,マンション 車庫証明,9
,,マンション 内覧会,8
,,マンション 内覧会 チェックリスト,8
,,マンション 更新料,7
,,マンション 契約,7
,,マンション 所有権,7
,,マンション 保証会社,7
,,マンション キャンセル いつまで,7
,,マンション 部屋番号,7
,,マンション 病死 事故物件,7
10,ランク・デベロッパー ランキング・ポエム,,
,,マンション ランク,9
,,マンション デベロッパー ランキング,9
,,マンション ポエム,9
,,マンション ブランド ランキング,7
,,マンション 業界 ランキング,7
11,ララァ・ヒューヘフナー マンション・目隠し,,
12,営業・熱海 ビューバス・照明器具,,
13,住所 英語・英語 住所・住所 略,,
,,マンション 住所 英語,12
,,マンション 英語 住所,12
,,住所 マンション 略,9
14,nhk シール・野良猫・エレベーター 尿,,
,,マンション nhk シール,9
,,マンション 野良猫,7
15,魚 焼く・寒さ対策・結露,,
,,マンション 魚 焼く,14
,,マンション 寒さ対策,13
,,マンション 結露,13
,,マンション 窓 寒い,12
,,マンション 除湿,11
,,マンション 寒い,10
,,マンション 断熱,9
,,マンション 燻製,8
,,マンション 最上階 寒い,8
,,マンション ピューピュー,7
,,マンション 二重窓,7
,,マンション 網戸 外し方,7
,,マンション ラップ音,7
,,マンション 魚焼きグリル,7
16,蛇口 交換・排水溝 臭い・蛇口 ホース,,
,,マンション 蛇口 交換,16
,,マンション 排水溝 臭い,15
,,マンション 蛇口 ホース,14
,,マンション 浄水器 必要か,14
,,マンション レンジフード,13
,,マンション 蛇口 水漏れ,13
,,マンション 蛇口 修理,13
,,マンション 吸気口 掃除,13
,,マンション 逆止弁,12
,,マンション 雑排水,12
,,マンション 喉が痛い,11
,,マンション 吸気口,11
,,マンション 給湯器,11
,,マンション 止水栓,10
,,マンション 給湯器 どこ,10
,,マンション 吸気口 交換,10
,,マンション 排水管清掃,10
,,マンション 排水管,10
,,マンション 排気口,10
,,マンション 逆流,10
,,マンション 通気口,10
,,マンション 給湯器 交換,10
,,マンション 排水管 構造,9
,,マンション 茶色い水,9
,,マンション ヒューヒュー,9
,,マンション 換気口,9
,,マンション 給湯器 故障,9
,,マンション 給水管,9
,,マンション 吸気口 フィルター,8
,,マンション ピー音,8
,,マンション ドラム式,8
,,マンション 配管,8
,,マンション 入浴剤,8
,,マンション 漏水,7
,,マンション 水圧,7
,,マンション トイレ リフォーム,7
,,マンション 通気口 カバー,7
,,マンション 料理臭い,7
,,マンション 密閉,7
,,マンション 浄水器,7
,,マンション 浴室乾燥機,7
,,マンション ガス給湯器,7
17,宅配ボックス 個人・ヒューヘフナー マンション・表札 シール,,
18,重低音・ピアノ 何時まで・電子ピアノ,,
,,マンション 重低音,13
,,マンション ピアノ 何時まで,12
,,マンション 電子ピアノ,11
,,マンション 騒音 警察,10
,,マンション 微振動,10
,,バイオリン マンション ミュート,10
,,マンション 騒音 隣,9
,,マンション ジャンプ 防音,9
,,マンション ピアノ 騒音,9
,,マンション ピアノ,9
,,マンション 上の階 騒音,8
,,マンション 騒音 対策,8
,,マンション ジャンプ マット,8
,,マンション 足音,7
,,マンション ピアノ 防音,7
,,マンション ギター,7
19,ゾンビ 映画・ニャチャン マンション・浄水器,,
20,修繕費・理事長・修繕積立金 値上げ,,
,,マンション 修繕費,17
,,マンション 理事長,16
,,マンション 修繕積立金 値上げ,16
,,マンション 長期修繕計画,15
,,マンション 問題,15
,,マンション 修繕積立金,15
,,マンション 防災訓練,15
,,マンション 老朽化,14
,,マンション 建て替え,14
,,マンション 町内会,14
,,マンション 自治会,14
,,マンション 自主管理,14
,,マンション 組合,14
,,マンション 管理組合,14
,,マンション 積立金,14
,,マンション 管理費,14
,,マンション 管理人,13
,,マンション 町内会費,13
,,マンション 理事会,12
,,マンション 大規模修繕,12
,,マンション 修繕,12
,,マンション 大規模修繕 内容,12
,,マンション 管理費 相場,12
,,マンション トラブル,11
,,マンション ゴミ出し,11
,,マンション 防災,11
,,マンション 共益費,11
,,マンション 維持費,11
,,マンション 議事録,10
,,マンション 来客用駐車場 トラブル,10
,,マンション ゴミ捨て場,10
,,マンション ペット 規約,10
,,マンション 役員,9
,,マンション 広告,9
,,マンション 民泊,9
,,マンション クレーム,8
,,マンション 無断駐車,8
,,マンション 管理会社,7
,,マンション 機械式駐車場,7
,,マンション 清掃,7
,,マンション ポスティング,7
,,マンション ランニングコスト,7
,,マンション 入居者名簿,7
,,マンション 要望書,7
21,ベランダ 有効活用・客用布団 収納・無垢フローリング,,
,,マンション ベランダ 有効活用,16
,,マンション 客用布団 収納,15
,,マンション 無垢フローリング,14
,,マンション 和室 使い方,14
,,マンション キッチン 狭い,13
,,マンション 土間,13
,,マンション 冷蔵庫 サイズ,13
,,マンション 本棚,13
,,マンション 壁面収納,13
,,マンション ドア 幅,12
,,マンション 食器棚,12
,,マンション 収納 少ない,12
,,マンション 梁 照明,12
,,マンション ベランダ 物干し,12
,,マンション 造作家具,12
,,マンション ベランダ 物置,12
,,マンション ベランダ ウッドデッキ,12
,,マンション 玄関 おしゃれ,11
,,マンション 和室 インテリア,11
,,マンション diy 棚,11
,,マンション 収納,11
,,マンション 横長リビング,11
,,マンション フローリング,11
,,マンション diy 作業,11
,,マンション ピクチャーレール,10
,,マンション 玄関 暗い,10
,,マンション ベランダ ガーデニング,10
,,マンション キャリーカート,10
,,マンション 玄関 インテリア,10
,,マンション 床,10
,,マンション 和室 おしゃれ,9
,,マンション パーテーション,9
,,マンション 和室 カーテン,9
,,マンション 梁 邪魔,9
,,マンション オプション,9
,,マンション ベランダ 目隠し,9
,,マンション ベランダ 雨よけ,9
,,マンション 書斎,9
,,マンション 和室 リフォーム,9
,,マンション 暖炉,9
,,マンション 物干し竿,9
,,マンション ドア 内側,8
,,マンション diy 壁,8
,,マンション 和室 洋室 リフォーム,8
,,マンション ベランダ,8
,,マンション 防音マット,8
,,マンション クローゼット,7
,,マンション プランター,7
,,マンション レイアウト,7
,,マンション 塗り壁,7
,,マンション 目隠し,7
,,マンション パントリー,7
,,マンション 照明,7
,,マンション 和室,7
,,マンション 窓 サイズ,7
,,マンション ペンダントライト,7
,,マンション 絨毯,7
22,ピョコタン マンション・ピュアレストex マンション・表札 マグネット,,
23,業者買取 相場・業者買取・を 高く 売る 方法,,
,,マンション 業者買取 相場,19
,,マンション 業者買取,18
,,マンション を 高く 売る 方法,15
,,マンション 査定,14
,,マンション 売却 相場,12
,,マンション 売る,11
,,マンション 売りたい,11
,,マンション 売却,10
,,マンション 売り時,10
,,マンション を売る,9
,,マンション を 売る 方法,9
,,マンション 流通性比率,8
,,マンション 業者 ランキング,7
,,マンション 売れない,7
24,ルーター 設定・ワイファイ 遅い・ポート開放,,
,,マンション ルーター 設定,17
,,マンション ワイファイ 遅い,17
,,マンション ポート開放,17
,,マンション ネット 遅い,17
,,マンション ポート開放 できない,16
,,マンション 無線ルーター,16
,,マンション ルーター,15
,,マンション 無線lan,14
,,マンション 遮音等級,13
,,マンション wifi おすすめ,13
,,マンション モデム,13
,,マンション ルーター 禁止,12
,,マンション 電波悪い,11
,,マンション wifi,9
,,マンション 無料インターネット 遅い,9
,,マンション ギガスピード,9
,,マンション グローバルip,8
,,マンション 光回線,7
25,ダンパー・液状化・免震,,
,,マンション ダンパー,18
,,マンション 液状化,12
,,マンション 免震,12
,,平壌 マンション ハリボテ,10
,,マンション n値,8
,,ヒューザー マンション その後,8
,,マンション 流産率,8
,,マンション 揺れる,7
,,北朝鮮 平壌 マンション,7
,,平壌 マンション 倒壊,7
26,間取り 略語・表札 風水・間取り 2ldk,,
,,マンション 間取り 略語,12
,,マンション 表札 風水,10
,,マンション 間取り 2ldk,9
,,マンション 間取り図,9
,,マンション 間取り,8
,,マンション 広さ,7
27,ブレーカー・画鋲・プロパンガス,,
,,マンション ブレーカー,13
,,マンション 画鋲,11
,,マンション プロパンガス,11
,,マンション エアコン,9
,,マンション ファンヒーター,9
,,マンション ヒューズ,8
,,マンション 病死 事故物件,7
,,マンション 事故物件,7
28,ハムスター・diy 棚・diy,,
29,表札 マグネット・岩倉市 ヒューマンアイランド・中庭,,
30,節税・税金対策・相続税,,
,,マンション 節税,18
,,マンション 税金対策,15
,,マンション 相続税,15
,,マンション 相続税評価,14
,,マンション 流動性,13
,,マンション 売却 税金,10
,,マンション 建てる,8
,,マンション 評価額,8
,,マンション 譲渡所得,8
,,マンション 譲渡,7
31,nhk 衛星・共同アンテナ・アンテナ,,
,,マンション nhk 衛星,8
,,マンション 共同アンテナ,7
32,ヒューヘフナー マンション・賃貸 購入・老後,,
33,備蓄・ベランダ 目隠しシート・京都,,
,,マンション 備蓄,7
34,方角・南向き・北向き,,
,,マンション 方角,17
,,マンション 南向き,16
,,マンション 北向き,15
,,マンション 眺望 飽きる,15
,,マンション 何階,14
,,マンション 向き,14
,,マンション 一階,13
,,マンション セキュリティ,13
,,マンション 日当たり,13
,,マンション 分譲とは,13
,,マンション デメリット,12
,,マンション 防犯対策,11
,,マンション 夢占い,11
,,マンション 夜泣き,11
,,マンション 後悔,11
,,マンション 東向き,10
,,マンション 上層階,10
,,マンション 宅配ボックス,10
,,マンション 住み づらい,10
,,マンション 宅配ボックス 個人,10
,,マンション 外廊下,10
,,マンション メリット,10
,,マンション 老後,10
,,マンション 抽選,10
,,マンション 専用庭,9
,,マンション 庭付き,9
,,マンション 防犯,9
,,マンション ゲストルーム,9
,,マンション 集合ポスト,9
,,マンション 戸建て,9
,,マンション 戸建,9
,,マンション エレベーター,9
,,マンション 西向き,8
,,マンション 庭,8
,,マンション 日が当たらなくなった,8
,,マンション 最上階,8
,,マンション 向かい 見える,8
,,マンション ペントハウス,8
,,マンション 持ち家,8
,,マンション パーティールーム,8
,,マンション 資産価値,8
,,マンション ピンポンダッシュ,8
,,マンション 最上階 寒い,7
,,マンション 嫌い,7
,,マンション ジム,7
,,マンション 洗濯物,7
,,マンション 日が当たらない,7
,,マンション ポスト 開け方,7
,,マンション 楽,7
,,マンション 廊下,7
,,マンション 座談会,7
,,マンション 一軒家,7
,,マンション ルーフバルコニー 使い方,7
,,マンション 売れ残り,7
,,マンション 住み替え,7
35,ペレットストーブ・立体駐車場・駐車場代,,
,,マンション ペレットストーブ,11
36,ビューン・ntt・病院 併設,,
,,マンション ビューン,9
37,頭金なし・頭金・ローン 審査,,
,,マンション 頭金なし,17
,,マンション 頭金,17
,,マンション ローン 審査,16
,,マンション 年収,14
,,マンション 賃貸 購入,14
,,マンション 購入 賃貸,12
,,マンション 収入,11
,,マンション 住宅ローン,11
,,マンション 家賃収入,11
,,マンション 入居審査,10
,,マンション 利回り,10
,,マンション ローン,9
,,マンション 保証会社,8
,,マンション を 買う メリット,8
,,マンション 独身,8
,,マンション 投資,7
,,マンション 住み替え,7
,,マンション 経営,7
,,マンション キャッシュ,7
,,マンション 持ち家,7
38,犬・ハムスター・ペット不可,,
39,消防点検・法定点検・火災報知器,,
,,マンション 消防点検,14
,,マンション 法定点検,11
,,マンション 火災報知器,11
,,マンション 総会,11
,,マンション 消防訓練 義務,11
,,マンション 議決権,10
,,マンション 標準管理規約,9
,,マンション 防火管理者,9
,,マンション 議事録,7
,,マンション 旅館業法,7
40,ピュアリフレ マンション・二重窓・ペアガラス,,
,,ピュアリフレ マンション,7
,,マンション 二重窓,7
41,築年数・新築 中古・入居率,,
42,妙高市・おしゃれ・明星,,
,,マンション 妙高市,11
,,マンション おしゃれ,9
,,マンション 明星,8
,,マンション 一人暮らし,8
,,マンション 水戸 賃貸,8
,,マンション 賃貸 水戸,8
,,マンション 内廊下,7
,,マンション 東海村,7
,,マンション トランクルーム,7
,,マンション 妙法寺,7
,,マンション 名谷,7
,,マンション 茗荷谷 賃貸,7
,,マンション 龍ヶ崎,7
,,マンション 行徳,7
,,マンション ひたち野うしく,7
43,造り 違い・造り・鉄骨,,
,,マンション 造り 違い,14
,,マンション 造り,13
,,マンション 鉄骨,12
,,マンション アパート 定義,12
,,マンション 鉄筋コンクリート,10
,,マンション 木造,10
,,マンション 意味,9
,,マンション 略 英語,9
,,マンション ビル 違い,8
,,マンション 語源,8
,,マンション 寿命,8
,,マンション を ホテル に コンバージョン,8
,,マンション 定義,7
,,マンション 緑化,7
,,マンション ノート,7
,,マンション 借地権,7
44,外壁・足場 単価・塗り替え 費用,,
,,マンション 外壁,12
,,マンション 足場 単価,7
45,火災保険・ゴキブリ・地震保険,,
,,マンション 火災保険,15
,,マンション ゴキブリ,13
,,マンション 地震保険,12
,,マンション 保険,11
,,マンション ゴキブリ どこから,11
,,マンション 地震,10
,,マンション 漏水,8
,,マンション 耐震等級,7
,,マンション 水漏れ,7
46,nuro 導入・nuro光 工事・プロバイダ おすすめ,,
,,マンション nuro 導入,13
,,マンション nuro光 工事,12
,,マンション プロバイダ おすすめ,12
,,マンション nuro光,11
,,マンション nuro 工事,11
,,マンション ネット おすすめ,8
,,マンション 光回線,7
,,マンション ギガ,7
47,レジデンス・duo・病院跡地,,
,,マンション レジデンス,9
,,マンション duo,8
,,マンション 病院跡地,8
,,マンション テラス,7
,,マンション ビュータワー,7
48,フレッツ光・グローバルip・プレゼント,,
,,マンション フレッツ光,9
,,マンション グローバルip,7
49,名古屋・古河・古河市,,
